ID_uzytkownika	Imie	Nazwisko	id_kraju	Plec
1	Joshua	King	30	M
2	Leonardo	De Luca	36	M
3	Aleksandra	Krawczyk	24	K
4	Luka	Schulte	21	M
5	Jayden	Harper	18	M
6	Serhij	Kovalenko	33	M
7	Theo	Peeters	5	M
8	Samuel	Ramirez	30	M
9	Sebastian	Quispe	23	M
10	Logan	MacDonald	35	M
11	Emma	Halvorsen	22	K
12	Margaret	Scott	18	K
13	Lautero	Quiroga	2	M
14	Bernardo	Ribeiro	6	M
15	Fabian	Aigner	4	M
16	Lovro	Gradic	7	M
17	Seamus	Breathnach	15	M
18	Marie	Dubois	11	K
19	Antonio	Reyes	13	M
20	Nela	Dvorakova	8	K
21	Anna	White	35	K
22	Frank	Dijkstra	14	M
23	Donna	Baker	18	K
24	Andreas	Jakobsson	31	M
25	Said	Koudri	1	M
26	Joshua	Nelson	30	M
27	Miguel	Rocha	6	M
28	Marlene	Smith	30	K
29	Sophia	Azevedo	6	K
30	Cristian	Munteanu	27	M
31	Fiodor	Golukin	26	M
32	Valentina	Rossi	2	K
33	Alva	Wilhelmsson	31	K
34	Hugo	Lambert	5	M
35	Hikari	Takeuchi	17	M
36	Milan	Petrovic	28	M
37	Maciej	Malinowski	24	M
38	Sara	Hendriks	14	K
39	Ben	Ziegler	21	K
40	Paula	Navarro	13	K
41	Elizabeth	Adams	30	K
42	Sandor	Takacs	34	M
43	Mehmet	Demir	32	M
44	Laura	Ravelli	36	K
45	Siiri	Salo	10	K
46	Laura	Mello	6	K
47	Mia	Hoffmann	21	K
48	Markel	Goikoetxe	13	M
49	Ximena	dos Santos	20	K
50	Martina	Acosta	2	K
51	Ioannis	Petridis	12	M
52	Anton	Ivanov	26	M
53	Janusz	Lewandowski	24	M
54	Sabina	Kaczmarek	24	K
55	Noah	Mitchell	30	M
56	Bram	De Vries	14	M
57	Hakan	Yilmaz	32	M
58	Maria	Delgado	13	K
59	Rebecca	Allen	30	K
60	Ida	Lehtinen	10	K
61	Nathan	Mercier	11	M
62	Filip	Kralj	29	M
63	Keiji	Fukuda	17	M
64	Matthias	Becker	21	M
65	Nik	Vidmar	29	M
66	Miguel	Barbosa	25	M
67	Artjoms	Klavins	19	M
68	Alfie	Griffiths	35	M
69	Grace	Doherty	15	K
70	Jade	Fournier	11	K
71	Davit	Khachatryan	3	M
72	Marie	Bonnet	11	K
73	Avi	Cohen	16	M
74	Luka	Wagner	21	M
75	Elise	Wouters	5	K
76	Allan	Smith	35	M
77	Jiri	Novotny	8	M
78	Zoe	Gauthier	18	K
79	Oscar	Roberts	35	M
80	Aiden	Young	30	M
81	Frederik	Madsen	9	M
82	Melissa	Walker	35	K
83	Irina	Ulianova	26	K
84	Kenzaburo	Ishikawa	17	M
